binAges,band1_med,band1_lo,band1_hi,band2_med,band2_lo,band2_hi,band3_med,band3_lo,band3_hi,band4_med,band4_lo,band4_hi,band5_med,band5_lo,band5_hi,band6_med,band6_lo,band6_hi
0.0,0.1239935487733395,-1.2690269213876353,1.9109822522712328,-0.067494878094438,-1.1605427872716547,0.9134297214898666,0.0755142891452738,-0.8104893954201595,1.0552521461418545,0.14817896888982252,-0.6474417930270826,1.3454603557776987,0.238621776913689,-0.15604907331757367,1.0928409374673598,0.114926023404268,-0.40801730936399283,1.1167826567509413
100.0,5.551115123125783e-17,-1.0562379904746904,1.4071697620302843,0.0,-0.8674501743300569,1.1584484078333446,0.0,-0.7316118645705405,0.6448064905391327,4.9981720151581754e-17,-0.8419287707806168,0.8225570895750479,0.0,-0.39011713079111826,0.46612269832621583,0.0,-0.6247817576899951,0.5443133057108149
200.0,-0.3191934258138045,-2.0661063753647784,0.6778603528548002,0.14773395525594252,-0.6137430887686129,1.1237302296512972,0.07003970139099105,-0.48600859668590096,0.7099644013811767,0.0974782986763098,-0.6059207736492024,1.01511020892999,0.05676581503264555,-0.3525950574623532,0.5482682510166695,0.13312691496032356,-0.3845706748183417,0.6860971282714522
300.0,-0.0994192924682593,-1.440787731872016,1.1081727579645404,0.083808430972526,-0.585889640060972,1.06568946232253,0.02136266326691425,-0.604760999650294,0.6292876880872553,-0.033226625416004296,-0.794424608436966,0.660996550271466,0.03255320041179355,-0.36970167944621357,0.47875288439379027,0.13213878047900424,-0.44404293249492066,0.6738118769845706
400.0,0.0070595725820377,-1.4445949073139315,1.222587133374419,0.213602488962091,-0.5332146957891285,1.257197080807279,0.040865030002551095,-0.6089111468196617,0.5889867587886641,-0.15786270427097998,-0.9619903950762717,0.513733967533749,0.12465528635321399,-0.204105059119159,0.5741946622349355,0.169823083577067,-0.5006809933173709,0.7894449301537709
500.0,0.054724321357278505,-1.0982517638464726,1.3450528541004099,0.1703150841167177,-0.4909141167749611,1.4005957504045483,0.09642568230874544,-0.5047880921419288,0.5877798161300676,-0.2118617483910425,-0.9373007534128175,0.31150432427389857,0.11067676988378469,-0.33321370591969757,0.5514659306606757,0.2186449815104392,-0.3040422001919975,0.8832091695447966
600.0,0.18830171958786665,-0.8434061706620014,1.7130320066187217,0.204386778646977,-0.544773354675783,1.5910711155646053,0.16553875199110601,-0.4176838033394696,0.6688462361805282,-0.17085379275142226,-0.8507903301741842,0.32845413521057687,0.19371385121826645,-0.1719017958838528,0.6595983668295596,0.15554647638455604,-0.3938701245160924,0.9359981172737769
700.0,0.1405116683090935,-1.0190478070451234,1.8216087300163815,0.21130106377886965,-0.535402585711606,1.4873679088934104,0.19354217448877076,-0.3570892652911943,0.759186331137028,-0.186903587340815,-1.0698855654323907,0.37000917545299805,0.12723096312783216,-0.23464200708858168,0.5676864495823909,0.1532291597033745,-0.3892434205727254,1.0145766479407174
800.0,0.1833970613791615,-1.1164086739235195,1.834358067838468,0.203460802254124,-0.5454278957400082,1.3969246417912404,0.18706949281833113,-0.3330670102545866,0.6961430286636722,-0.172801619348322,-0.9844666693231073,0.48761813973370904,0.1494700328051495,-0.2975711745328646,0.5405448900208262,0.171886613016615,-0.36343024089841164,1.1291867294662918
900.0,0.19792770792589798,-0.884045523448241,1.7957534543318914,0.1725116758070901,-0.4133236699459985,1.14925904908322,0.1571545018963295,-0.3419645092463647,0.6776175606350994,-0.206387316187161,-0.9497777321414188,0.35332064713453515,0.21901954241242605,-0.1754957583322787,0.6612258685383595,0.25683268339958554,-0.2627564158595945,1.313858257114063
1000.0,0.44940939809570946,-0.4332563039720228,1.9747596577470514,0.05613602717427395,-0.8704213278947872,1.0266539045653569,0.14718037663453548,-0.34648720578129416,0.6258207068433567,-0.207520224147072,-0.947889012440992,0.3372525288379545,0.2521932882977791,-0.11532864380467873,0.7863470467073412,0.33204831385627753,-0.18911057152210556,1.4184078706811858
1100.0,0.7648307388129665,-0.26984775064714006,2.1297043812232723,0.02935535160396445,-0.7686216507355643,0.8584937812921316,0.18522094852498824,-0.2585249451582712,0.6904465704546339,-0.1933413010416745,-0.9446445447124754,0.4090985068343962,0.25755842797083095,-0.06859021579078357,0.774989873623286,0.306862210911984,-0.2780698646449555,1.2958179978664428
1200.0,0.8703405234281275,0.0073591842790425065,2.7245767916686887,0.1401475961099935,-0.49708823856581374,1.1920257706681254,0.27872173129314903,-0.18652054872414883,0.8092952779384799,-0.22594639785064802,-0.9978083014175956,0.3829345995199098,0.3545644202964875,-0.014211615866178117,0.9428441116228881,0.34091061030832115,-0.2178091311797872,1.4345966694024028
1300.0,1.0010843045015614,-0.05652887156931007,2.6188349441756347,0.22617042118918151,-0.40430737968945235,1.461571464508356,0.32957678811847585,-0.2202965427613367,0.8461458490347846,-0.26992504396259787,-1.238028960841189,0.25041019706470485,0.3517713259175367,-0.0162553635068406,0.8400263524495157,0.299674675387981,-0.19694541528684312,1.2544410221833049
1400.0,1.065617546056705,-0.011883765210539774,2.4149476406165884,0.23251465497712825,-0.5192677192794996,1.463049978830383,0.25089217652510054,-0.16997864146169703,0.7491334777558779,-0.27665644436893677,-1.1675352663757905,0.22059020882033853,0.276863599415294,-0.09592304968402023,0.7653220385528083,0.2643572033280615,-0.2605580757727733,1.220161990909067
1500.0,0.6650549369364415,-0.34317804552228853,2.1708621269822586,0.1577696237307611,-0.5285694684241989,1.265020232600271,0.2213579643613955,-0.24123614176849265,0.7747650253498031,-0.2432242651557905,-1.0865480427165977,0.30235576551275045,0.305741209973884,-0.052780467778682456,0.8118621708905208,0.3187307533310975,-0.15947910008587168,1.313606039995365
1600.0,0.782917800900883,-0.33963572494052535,2.2185188781155127,0.1717340757434984,-0.454751822303169,1.2645077923181791,0.1500756626351476,-0.31919659061440775,0.595285543926385,-0.233980761546593,-1.070526829657016,0.2598616730418919,0.2994388825538405,-0.0510367123880353,0.849125469729072,0.4124212575435755,-0.06305024898842375,1.408064923920365
1700.0,0.966891267741893,-0.04143799189531475,2.6875387330697107,0.16548224786955734,-0.41346433305730396,1.2099389180319353,0.1330255951920915,-0.37811012586766235,0.617250557472401,-0.19595954564768914,-0.9053337564341225,0.3724608566800187,0.26311832579473404,-0.06876457129306114,0.7763578911653432,0.42343514659918646,-0.07933263095894906,1.4241943467076923
1800.0,0.859311567778458,-0.12251226144339081,2.353184140317423,0.24135633130406756,-0.4252700544715018,1.515683466487885,0.1503744048247745,-0.3776078527477081,0.5600177128494969,-0.1424487732056245,-0.8441520592486375,0.39950795369029857,0.29547220300189303,-0.0633091429341986,0.818056720085468,0.48103688133082556,-0.00013996799531042458,1.6957055747379295
1900.0,0.547539148942815,-0.43751789785585915,2.2666559647014477,0.22352738529587401,-0.4181767993777841,1.3128723465104482,0.1411416797276335,-0.36138896546802984,0.5616471739327352,-0.0794990831595831,-0.7233232625722716,0.4523027508711006,0.252242382418291,-0.10362107287764989,0.7568639029071275,0.513316323371033,0.069150669851063,1.8933545377880847
2000.0,0.4805584370122925,-0.480835307313843,2.0597615596234147,0.1728751553774701,-0.44672547471857477,1.199480052847165,0.1032588890559975,-0.3055258483942165,0.5824285591129172,-0.0077602546313639,-0.5737177818375176,0.5803289652794853,0.2727544494363065,-0.10143459899912184,0.7448004946481271,0.488689207122598,0.025432171412344457,1.7788352913234855
2100.0,0.692573431310207,-0.24710423589973896,2.306608796308098,0.156824428854466,-0.36091839971580747,1.1493344702977135,0.156912156893634,-0.23109256650744542,0.666498802731289,-0.036676711754082755,-0.6260252695837955,0.6509876859669917,0.2892129113591625,-0.04053217395065652,0.7947703399374756,0.5229474273749505,0.03060291935674052,1.9646396949177078
2200.0,0.7464251024099191,-0.27219868367909006,2.23009812777394,0.178021393756724,-0.33011636126806826,1.2291293279317055,0.1501635601987015,-0.27201445669802465,0.636465703114425,-0.01407732252661655,-0.5477601522563231,0.621671908426152,0.30667915385614253,-0.016574674635609358,0.8278306205128325,0.520411615949388,-0.0106669099835105,1.8099018161300837
2300.0,0.7186027728515226,-0.3426988201570441,2.4007053000154133,0.28401216244794386,-0.3019501749615877,1.3239981959941303,0.16827322954871698,-0.3097080112022159,0.7072135062280057,0.00619742692032865,-0.49092680151264984,0.6494844216068523,0.3397042871584641,-0.03420468195681719,0.8575294526213066,0.538768916304621,0.04051110997299525,1.838679973721867
2400.0,0.590741951788814,-0.48461774113878203,2.1284357076615095,0.23989623744254202,-0.2906326593950089,1.302420196482659,0.158557356551146,-0.3176506307315186,0.6723908405320972,0.0976313961680329,-0.43204480619040037,0.7248614633032299,0.3720774369363201,-0.018434937031577853,0.923063095248698,0.4828898756041349,-0.05469617910411251,1.5975266726098838
2500.0,0.663527494600474,-0.17951134452267922,2.4176766632622457,0.2470915174634925,-0.3648227431279692,1.3187758869737596,0.172690289362624,-0.32171461168864707,0.7045168998327082,0.1147686636018565,-0.4007439987323662,0.7934455421111594,0.3626560978683121,-0.003936319807602349,0.928250696803216,0.5245236003860481,0.012568483214416431,1.8026241421989544
2600.0,0.571634440280934,-0.3343254434265606,2.1182568339784216,0.2308886400320322,-0.3714482475965716,1.2250508120493582,0.21235169751129346,-0.25705873095659904,0.7775688100169178,0.08649800995152515,-0.4179998339382201,0.8152654746789675,0.362209967959607,0.02355895763986309,1.022991958190111,0.5122121168476362,0.05206932240940329,1.7152041616683977
2700.0,0.515722677394884,-0.3673352144321641,2.2727005428799933,0.340756510081831,-0.19777839088652288,1.3491086527799023,0.21039417757886902,-0.2802997583373519,0.7283049501902836,0.09361400144785245,-0.3761903969571183,0.8669254847279817,0.37247431401053854,-2.971749154309865e-06,1.0049005966823747,0.5578726736187547,0.13600436774300148,1.7491174796710163
2800.0,0.7827984125999095,-0.09963385534768811,2.2651893263240424,0.2929948501333005,-0.2853508255773796,1.1666355825516483,0.2368340787036215,-0.23643929863300225,0.7503636194627538,0.0804107183180637,-0.39309927674039635,0.7751286103714975,0.357715759168146,-0.00905656450996206,0.9709965744786291,0.5786085486215855,0.1332469987536368,1.7320844821014163
2900.0,0.9626586765741445,-0.08104909048848945,2.5737385041864784,0.2403652416126026,-0.3076713028438359,1.2185731769670218,0.216513971033322,-0.31034677457150683,0.7363977432757863,0.11827178685260051,-0.3762349191508536,0.7540696101685987,0.36167388726620353,0.021520474441203426,1.1251290651730153,0.6081500077701971,0.15643553118271059,2.0340490875977455
3000.0,0.827068922020761,-0.0815104253337568,2.5810112823025495,0.2427566144871518,-0.3361434265603597,1.350550830820275,0.22989375060483494,-0.19170687717884108,0.7434599995898525,0.13412203896456648,-0.3371354010290913,0.8217770069406996,0.3935726841646485,0.07094999961073915,1.339572579438107,0.591181339366294,0.1238096880212238,2.041382947295744
3100.0,0.9498963919420644,-0.08690894091169331,2.736676643777155,0.2811345815125925,-0.2463018437706139,1.276272564625034,0.198198511321093,-0.22388730727915407,0.679107859590936,0.149305687598218,-0.3908551600522938,0.8047233470683028,0.46467509983017197,0.1430612635527099,1.2846922905457494,0.589537752186283,0.1039378572409254,2.075632185923213
3200.0,0.82680219401545,-0.24510798034338732,2.695995568505796,0.353469497839961,-0.2396710418901677,1.6017409191991199,0.1851474404927552,-0.31122354469708224,0.6252525628386087,0.15560629473509355,-0.32047816003214474,0.784324598579574,0.478062348440419,0.17790452882546046,1.273270071321472,0.6055257800272316,0.13175211774266182,2.2091193776303517
3300.0,0.8700895750753306,-0.11298889477605822,2.6707031769679115,0.41318782787563324,-0.20211056063702995,1.457280954809131,0.19341108776788302,-0.28595931219805826,0.7165818047221368,0.217648271053305,-0.25002731164146963,1.0171749212950618,0.5062396273190671,0.17955383603694122,1.4226689662467764,0.6409268611100976,0.12035560462506835,2.3860834197389327
3400.0,0.8898491030473585,-0.21844345194428857,2.7261977672479576,0.44138634559704,-0.13087214565675329,1.4910535783693306,0.184259318443179,-0.30524798044293633,0.6433742167280679,0.20539716358904198,-0.20595855589614429,1.0309651776599653,0.5318553172011045,0.16849561364311919,1.4931742630539744,0.5646606596117725,0.09156370333145217,2.2652588633909168
3500.0,0.7776122705505111,-0.33423223927197054,2.87822615238676,0.495593600535905,-0.09796755895494771,1.5267150263377525,0.18091038181760066,-0.24264679509089654,0.6455062450713449,0.255057604301148,-0.17901165989810733,1.2518700668824791,0.5495406783940877,0.22262356210957954,1.5705325135310775,0.5712826312148835,0.10629363492755586,2.136307004673795
3600.0,0.9799729497809859,-0.1063114159005516,3.0431072405029145,0.537996615115913,-0.10757340318570915,1.6905452522864812,0.179766827657674,-0.28617141356043874,0.7220863161638166,0.2611218855435905,-0.1397118159193659,1.1645090637470576,0.5714315430300435,0.21582729814951626,1.6173772931094383,0.5676041410038601,0.06171708677702057,2.1779058914205556
3700.0,0.824558471580563,-0.2310940812587246,3.461104227943891,0.5732557576924093,-0.029855142666897354,1.6315075939322916,0.21827896374921302,-0.30385772913808123,0.7396637319752918,0.25596859281665596,-0.16906090767337484,1.2035719220894345,0.5790941440674855,0.2468454307090312,1.7355142044764937,0.640349824752238,0.13346683839180395,2.406925919590694
3800.0,0.736602045616384,-0.24812368453746092,3.1254714506691896,0.535559383784924,-0.0840834766004888,1.7309041733656978,0.1911374705681865,-0.3280607177552886,0.7142946586658094,0.24073951740225502,-0.18845460206576267,1.114749734011695,0.609364845228668,0.2544320143764319,1.7425175532914023,0.6402032549439627,0.18090039610862776,2.56685136268207
3900.0,0.6458785232316908,-0.299628813598135,2.6936329443359925,0.471838555416238,-0.09918142099969571,1.6003989554282438,0.21816603343939164,-0.23354108402339574,0.732254294102967,0.262276771119043,-0.19882462844761142,1.0707158378368251,0.6101684435162925,0.26152262142261345,1.9531350211723528,0.651582213525735,0.1888815860893306,2.38422549726678
4000.0,0.5469591375650805,-0.37582687873036763,2.1816676579418677,0.4725453888096362,-0.1299241687803976,1.589920987740293,0.23973348760758645,-0.2442547142087344,0.7353620915588622,0.2666910529159848,-0.1399037385762437,1.089571094763329,0.634994756147616,0.3096555915838615,1.9708081416727106,0.681196561237011,0.1490588519788692,2.60125266312011
4100.0,0.5250456736742205,-0.4146818600336277,2.109699611674643,0.5413583448657888,-0.04475030165840658,1.7334257237189996,0.23150224663009467,-0.2852879768737649,0.71541565258567,0.25091121088170754,-0.17415075461461124,1.1129935832500444,0.6356977787278207,0.3040484473072756,1.9656942418959005,0.7220614509503716,0.2493163349806829,2.805773848982034
4200.0,0.353610960846513,-0.5522229150345089,2.2190112836918305,0.5058818106692241,-0.023350983336700968,1.8719668759123922,0.231861184471437,-0.2935909589263852,0.7221246848868471,0.2477605843063433,-0.17847832756438087,1.3526682404625228,0.644180629463057,0.33186366837571013,1.9571253108604403,0.751899771741825,0.2873400459726665,2.888041581404381
4300.0,0.3611672692331876,-0.5709769733580035,2.3446473643406223,0.5522265555840244,-0.03386049304282204,1.6738545742269504,0.214551315811532,-0.3687164551026279,0.752498077903075,0.229714878578559,-0.2261296237607283,1.1517721312130913,0.649148740173656,0.3262025064006303,2.006317246078957,0.8268009894174284,0.34477880664308075,3.122806233270566
4400.0,0.3273646262713395,-0.6808305039603242,2.3114078759778955,0.5333233590886282,-0.09262526630831504,1.7694590624157855,0.189144127929665,-0.37186375003779665,0.7033785065725006,0.1668069052123635,-0.2992683442320622,1.0488039407483678,0.6627794393542565,0.3338542580779549,2.195880525310386,0.821984922914579,0.24936117225905383,3.1394386755620505
4500.0,0.2878622469420842,-0.5449876315276075,2.4795426771833102,0.5416156205625601,-0.04462737411462431,1.8101520626739676,0.186324862307077,-0.35667519671242065,0.6853897564004459,0.153194606649399,-0.2385594779690219,1.111375431277992,0.6927168268867694,0.3552588446448896,2.2232803963136516,0.875514993804281,0.3775432738314911,3.3075625374025326
4600.0,0.186879586716489,-0.627808542039283,2.1452782568246382,0.6038178322035785,-0.03624390807392255,1.9102233529898598,0.1818645096043905,-0.34725392784458237,0.6834704556375295,0.1677776788312155,-0.22578759563374626,0.9671029988609354,0.710940707567978,0.36465339187768975,2.2107746086410365,0.8989237361543501,0.41929407938889707,3.4148069732807493
4700.0,0.3029217340351375,-0.5937052463473254,1.9967483394853895,0.6011550816822445,0.015762008554753515,1.8851542334452898,0.1879849034758215,-0.3167670751578184,0.6324357745275911,0.1709805946745267,-0.2565143356960373,0.9666827836089786,0.7255433715901515,0.4004809158602376,2.2445866449787846,0.9236071936203836,0.4555991544685962,3.3898752499405176
4800.0,0.4887730788218775,-0.39884688421446,2.2183549866478183,0.604656356264849,0.022436294192740028,1.8241087472652124,0.1804094504404585,-0.30761943290955285,0.6030277372880153,0.1836651018449345,-0.2261849788581029,1.1217529015445158,0.7194178655166615,0.4012553085091877,2.323428078193197,0.9159939104467065,0.4296889929976346,3.2629373446649472
4900.0,0.3744394375240355,-0.60469907092357,2.0235332540000823,0.6191409647979125,-0.014001492551624263,1.9003080351387782,0.1956008893763895,-0.2971694518667809,0.644530693807477,0.17682051703864848,-0.22138423253264308,1.2420695936768111,0.7179196625342851,0.3696749284061708,2.446934134776357,0.935480322276607,0.4469920257513594,3.3123168456523753
5000.0,0.24161945458588202,-0.637113876387679,2.029681466278079,0.6075582481000354,0.005209300206637488,1.8675929685736135,0.219138768453191,-0.2130605305986832,0.7027162651830821,0.19479529549632651,-0.16522201002180517,1.3055084886485326,0.7326200782875285,0.39053660834990955,2.3169908150539706,0.9315587671285621,0.3860859255427969,3.24019619301567
5100.0,0.19783567356249998,-0.5794516494985731,1.9498531522764557,0.6756611183763053,0.009712424276995521,1.7823280322331356,0.23500784339723405,-0.19588583777779583,0.7204254836616876,0.18939283226815395,-0.21404978615945322,1.2097473990183025,0.7456962629069654,0.38771008242396005,2.320759973903232,0.9384010729640666,0.38660151840130347,3.257813965036168
5200.0,0.396091991159618,-0.4721611061550256,2.07473008561622,0.6680521859192841,0.0003599884408062725,1.8283455976552225,0.2501302026402365,-0.15883533374297917,0.7715310630537298,0.16900183166451566,-0.16703381710012044,1.2193820075337607,0.769940633253863,0.3789424473652448,2.441509610092664,0.9349642864510614,0.36655574342801783,3.2743235663826638
5300.0,0.31793180864209547,-0.5685116544392771,2.3975988671834676,0.6622369130519836,0.03914241612093623,1.958078773520542,0.2217186106355145,-0.18432257210284647,0.7311660622134728,0.190857003249217,-0.19420874916657915,1.1446064497064168,0.7904358109716463,0.4001936877977575,2.536849316265221,0.889414526909063,0.4069481353237428,3.3767617639946015
5400.0,0.3386465728569496,-0.5825748181853402,2.304419244357995,0.6425354664384886,0.011106431432370405,1.9114675840040005,0.2274196014032415,-0.13714577762721075,0.7816026908741985,0.17749193535275698,-0.22700149141314502,1.2315160414879955,0.8345964619621724,0.42926808894357354,2.583309113466989,0.8601641426585269,0.30127652102752006,3.2586313134961484
5500.0,0.3763421170503297,-0.5430955465745382,2.2077040486000294,0.6153810408892805,0.0030514510936413566,1.9247614056847642,0.2597963013029545,-0.17547732906483984,0.7705092985316006,0.18886641074552551,-0.22511856929258184,1.188464003369031,0.846156851942114,0.41957960634762737,2.616475435496423,0.838680958592618,0.3181166139443215,3.305370489575792
5600.0,0.49258641931124103,-0.40126632981134985,2.2785129337656143,0.6369999183719266,0.010011380696488808,1.9389155503465658,0.2448974142195285,-0.1528268482011422,0.7271484539134025,0.21780571470280652,-0.21351503107289974,1.1896749230115324,0.8541813019708944,0.4616902434855623,2.698157352123233,0.8750309931619947,0.3483755598879929,3.445011542263068
5700.0,0.6182071688248466,-0.2842125228231377,2.6497034396933046,0.6667099988872068,0.02808783639047084,2.0529202211984314,0.2545982230502205,-0.15334183535617965,0.7691288246205986,0.2210507204007065,-0.19678668134026123,1.2221481271865573,0.8590092173717712,0.46361661229169854,2.742454915381329,0.9133721013681465,0.3756531408996788,3.487694007813014
5800.0,0.631300531962779,-0.2652419691746833,2.887680285312745,0.614709848526066,-0.03713872197026739,1.988518895400602,0.26117885344608605,-0.11693904694886793,0.7919341592351283,0.22858557630423548,-0.21334192727450954,1.2410943248945916,0.8732245531993841,0.45441025403202806,2.8743766070717984,0.918801624930676,0.36599213189948016,3.6130186127205435
5900.0,0.484938097510835,-0.4089797787910139,2.248018175306923,0.6429200708040723,-0.0003456994860632889,1.8514883529972868,0.238714434450071,-0.16747216973488233,0.7063554860819516,0.27894172341572,-0.17658225435859076,1.303076186078506,0.8935671299603469,0.4993394739318815,2.9390164455256316,0.9067818438590465,0.3811441376475833,3.542160740513325
6000.0,0.653326466002194,-0.367573875724037,2.3026778551923193,0.5825128593788136,-0.0038178437176217992,1.773148367845442,0.21079249415439735,-0.18261467061296582,0.6964977454985435,0.3076940388290925,-0.13956338510878338,1.4140254205012752,0.928845171275258,0.5489569647274974,2.887376732952185,0.9392656269607649,0.4014179159665432,3.709706265919198
6100.0,0.6148602191948632,-0.34349133301536017,2.603579595048141,0.583558652047468,-0.015344905502413624,1.8968614744912642,0.216284211111324,-0.222582476304956,0.7150454542444461,0.3174830893406635,-0.11708767979116436,1.5263862971608924,0.9323118613966246,0.5486167968248371,2.9855105361341505,0.9178901658615386,0.4393538691335141,3.7757053924006034
6200.0,0.688350092587382,-0.21772593607751226,3.151229441092478,0.517411066886846,-0.03607785750945561,1.768881571279754,0.174696695913847,-0.32623661840784846,0.6703076079865141,0.304369756514943,-0.13334951986035967,1.5626421086333777,0.9678150380304473,0.5579889231645521,3.1141183462988247,0.975883131904361,0.4596387326827227,3.650996803567547
6300.0,0.8210615618628101,-0.23944260806725445,3.1379853449045276,0.4959383104517565,-0.07902443952316743,1.7826879029028653,0.18143006551490992,-0.2790641206134417,0.6981759522610675,0.28761854792388614,-0.12669975114082993,1.4941464526489108,0.9750090602354095,0.5885227327137953,2.9558058301666947,0.9992773649677675,0.43452633808820645,3.6278708184453485
6400.0,0.92247929579535,-0.03966661501510643,3.063771453128514,0.4933784764222561,-0.10944624428277104,1.7508612081558328,0.17842107554515102,-0.2781289876768151,0.6687590430762576,0.31117803656253296,-0.11249750361037139,1.5229377721414208,0.9810154932397595,0.6123655561720089,3.11122759575057,1.01166173905073,0.4752789199715186,3.877651269943972
6500.0,0.7924043898469059,-0.10630145713335963,2.779443096152401,0.4821744369970875,-0.10939229659108214,1.842111854484265,0.19165542247404616,-0.22857747702714834,0.6666492100920168,0.3060920797548695,-0.051966308849390734,1.4153795938275489,0.9916621562900405,0.6053074241356321,3.117430432074315,0.998110234078028,0.46795572798039153,3.763932698676416
6600.0,0.875758035796264,-0.13071586677662428,3.4842545059211907,0.5753086750236285,-0.05547424044321328,1.9381206409045315,0.19902763416778452,-0.31963864545649545,0.7004832604398441,0.326052622268018,-0.10699643671072918,1.3451495085503007,1.006704062577266,0.6135377877170138,3.2668564165398046,0.9641180235116275,0.42624422375713467,3.7956620426818017
6700.0,0.9262808841588559,-0.09525398736650045,3.870030277802258,0.601773441980994,-0.05134561469819181,1.9312196524394136,0.17326614405155,-0.260147149544193,0.6902793603818279,0.3462705541137635,-0.09760268235281074,1.3697355969574503,0.995620287866567,0.5948751014610338,3.2394821006471397,0.9612026052161774,0.4248044675520639,3.689361870224802
6800.0,0.8768598553426465,-0.13963129864501164,3.1661783851767185,0.621404846441572,-0.03800160861488153,2.0285223074748973,0.1872222561050575,-0.2651960728879618,0.6640607617945345,0.30927040928065785,-0.12299392619342205,1.3636476370563153,0.9830773444824019,0.6107232752277149,3.1605542887449487,0.9639821128779189,0.4265691114176309,3.581695227945566
6900.0,0.8770300137321205,-0.2657686645840107,2.8933814280857546,0.6681447642684525,0.021070172331227648,2.1197529528936543,0.17780953223112195,-0.22432430480712598,0.6563487081543566,0.2985660124091191,-0.0876324309513496,1.4051240026542848,0.943207737237905,0.5831435538120078,3.217589213011424,0.9336528013022053,0.3522268707015942,3.5418737250949572
7000.0,0.61917481610132,-0.2675578135711916,2.554259850774614,0.632086505409718,-0.012177704894464918,2.1721793819521107,0.1973966507383392,-0.2688849754935584,0.7138962335107444,0.32642980780952,-0.1521627542666065,1.30846732983548,0.9390608277021003,0.5405343570518203,3.11177189078614,0.963740942518164,0.3949696596949481,3.867269721366084
7100.0,0.426905569718858,-0.4595214908329194,2.3102759623302793,0.6569845423567833,0.017998092529258696,1.969451770856149,0.206727578649964,-0.2719020142418192,0.6767782551222784,0.31963082027568546,-0.14170336057782518,1.2904347931140696,0.922042815524476,0.46763080360328063,3.2256104626194197,0.923715294340034,0.3655101318644301,3.9427681024468986
7200.0,0.3284280326376904,-0.7198280447470102,2.0100726420666355,0.5830534997194216,-0.027405374405451065,1.9600562643769834,0.1859932974591075,-0.239920941177895,0.6960167151906402,0.2808816310113308,-0.15463499347402043,1.2039285901519237,0.907231792307204,0.5099429351765736,3.164416996672461,0.933151064195925,0.2694225440822126,4.027697990849447
7300.0,0.39626230008450347,-0.48030721674374455,2.139270150429309,0.5822506461239865,-0.02619949487193097,1.8003786884929946,0.20882889781364,-0.2470178689762379,0.6151981884655742,0.19866523468152397,-0.20513849710722423,1.1852105838363478,0.866900876598288,0.43024934077478033,3.068671576994872,0.9409374116667575,0.3483217056316894,4.0082672918353675
7400.0,0.4988469048404225,-0.47199518899237375,2.6930798765741732,0.5576117103586671,-0.050624918099238705,1.765733021808375,0.18746029323456398,-0.2830110137006403,0.6775511957838263,0.197193725414324,-0.2868377688014972,1.019371984348966,0.8605083749050719,0.46375614749540434,3.172171232611135,0.9643068201659375,0.31064813156034254,4.137022418317222
7500.0,0.3950412925645274,-0.5701958875634884,2.4834873493606024,0.5325811002901462,-0.08721529333462497,1.7772417785917032,0.1909408060826685,-0.2773178523821654,0.682694150693842,0.158971438581223,-0.289950475412886,0.9608852332293265,0.83401119226237,0.2917515226004159,2.851907012850476,0.9980262891077414,0.3328922097938315,4.032269327101102
7600.0,0.3343363806781357,-0.8991096379858823,1.9823718802791885,0.504582509101822,-0.12553324286310544,1.7132936168361654,0.1817674320900115,-0.34202436220894433,0.6546624739372353,0.13120851481648743,-0.31881278151068076,1.0114043824511367,0.7967076801310564,0.3252143829234946,2.923063267130529,0.966643712718759,0.31943115330767535,4.014508727236158
7700.0,0.26072142649263463,-0.9318364418708845,1.8206191715346929,0.5424837993206204,-0.09194272615697616,1.5796416938702895,0.1698098209094155,-0.31859900901391613,0.6778180943947861,0.1143550188041145,-0.36278126648509695,0.9414731296505324,0.7678210308735764,0.3128981162958208,3.065224920496845,0.940907947361773,0.35254801042502915,3.937795815720788
7800.0,0.147923616584882,-1.1563387920497687,1.7536557235934165,0.47388553010112455,-0.1530571752704251,1.609347978904537,0.18157537759224052,-0.36699472074979245,0.6124838607734779,0.1109437278358555,-0.37116009916597403,1.079264086869237,0.801373484317891,0.2942182033551211,2.9972644789446883,0.9543066892002765,0.38842723180751476,3.956514508454526
7900.0,0.124013997259559,-0.9765223605955502,1.6833449557180897,0.482105309325387,-0.1529377976679883,1.6245349596091447,0.1650443109975755,-0.37649193969327205,0.561445857934502,0.07545361702679215,-0.418640531563239,0.9678071473419754,0.768124858231183,0.2730888338893785,2.980016204722161,0.8886516564815734,0.34868580495818846,3.6965312620030635
8000.0,0.1206952172246685,-0.9901411063103774,1.4842067478589798,0.47568168993188653,-0.16783322581324028,1.5916081208857868,0.140710283448177,-0.392276041209036,0.5338690008682166,0.06314721431722645,-0.41147931013686745,0.8273558959423081,0.7285141237231715,0.2521479299167409,2.652996889810625,0.8877444211380461,0.3241240788446904,3.579480766171811
8100.0,0.1328218369769095,-1.1000796343782198,1.736848766141402,0.48927520401962643,-0.13273111510420468,1.6653455798174683,0.1400827590339782,-0.3649977911223805,0.5603916622780254,0.0526920283008398,-0.42555151249135637,0.7382985150648329,0.7363677284460839,0.31772676288172247,2.549477343154548,0.8362820215023292,0.31565002937413733,3.241557459273647
8200.0,0.07941602834702624,-1.0777335246366047,1.5974185484863366,0.5497261277748084,-0.09897596549750114,1.6692874365492327,0.156409171030642,-0.3679847367377307,0.5845037619689298,0.0227482358730779,-0.5019239035820873,0.6890383820487395,0.7071373586167076,0.2651764325755765,2.5682858251665257,0.8282440163278013,0.2765208643575365,3.2226546335835407
8300.0,0.1502156988420475,-0.8974302966496627,1.7544093466983057,0.5759459598662033,-0.048567853016613864,1.9266021544488172,0.1226861591165215,-0.3627690955286625,0.5995604135794166,0.00341978103271185,-0.625990931061591,0.6754893544934221,0.6712335543846479,0.21919945163436244,2.3902238146415504,0.824667933124446,0.2769968133389678,3.3591196098026503
8400.0,0.152868360099334,-1.043044836017488,1.6345130225418556,0.630055515707254,-0.06465948208975965,2.054885840685379,0.1015293859228678,-0.4218963252899055,0.5181708660941579,-0.03263200059496785,-0.8255725246919864,0.6083428168221147,0.6392758484225225,0.1718890133680871,2.307416780926724,0.8142843720620212,0.2016839757774779,3.331536322499649
8500.0,0.35516614979501676,-0.9138130182429519,1.7406848648994777,0.6202049451317545,-0.055125107101619254,1.9517854672906023,0.1033431225674199,-0.34918055686583926,0.5282011860278336,-0.06765004100025859,-0.9133461370163035,0.5942647393677881,0.619130296746043,0.1218530988455431,2.2306943317711787,0.7769761880502455,0.14936335197967388,3.4291041054503277
8600.0,0.4624434940173818,-0.5143385355830654,2.185702010105831,0.6301126544340585,-0.05177678054345099,1.9937494690017294,0.0732443413917183,-0.4135571925543527,0.4924758952713825,-0.09994928831493974,-0.8946202048669637,0.5696399809722079,0.563832816068483,0.1365051178909976,2.234912151790309,0.824393529690528,0.21839452781723862,3.4236399011069114
8700.0,0.702121794542726,-0.35490827023353666,2.711866280935482,0.7025837654632661,0.00981540748590077,1.97293820756213,0.06747790373598,-0.3993435539872487,0.5039700434282218,-0.11769338621230399,-0.964917318263991,0.5375943133500887,0.5244436257990674,0.06404505935359876,2.1301051350597575,0.8562343881957657,0.14062566203842486,3.452723194959083
8800.0,0.6579559088563189,-0.2653728459887737,2.599255973877158,0.7420572948943236,0.035235854947477455,1.8100627409588028,0.06992617883387514,-0.4147482135376745,0.53128562210145,-0.11090125992024549,-0.9146158378979412,0.4376533912203399,0.47416991709907197,0.010432945835247768,1.8463808559732615,0.835874909554756,0.23158597573259596,3.5007411600719505
8900.0,0.681999959457195,-0.22200355493123694,2.5742640326331494,0.735001632122972,0.026893150601503317,1.9041000746968348,0.08017490322773585,-0.40613263139357864,0.5551607024210093,-0.110233341215025,-0.8505156403406032,0.48707510099621965,0.4422381169646875,-0.022067931193027992,1.5677160141710405,0.8702270430383214,0.25430744206269057,3.6882012320581827
9000.0,0.665562095795838,-0.33059876071295563,2.361421026398493,0.6972388590172198,0.03281481875170205,2.0510975449295463,0.0873253866270265,-0.349819917655469,0.5543834948526082,-0.111213856132584,-0.8891254022481989,0.5227626727970167,0.407054834664201,-0.060466148978310555,1.6245433708397596,0.9045884180148588,0.2449599996396326,3.9579916369895787
9100.0,0.6281442416881751,-0.6084234413074571,2.258210875003761,0.7608104237339365,0.015047606924820552,2.1871159012874717,0.09885946242567656,-0.35019897271601835,0.6120947732657235,-0.120982866058472,-1.0101107961440523,0.4953134324499657,0.3588202765800925,-0.07509081259951604,1.4235236016440964,0.9761588286356961,0.36255383022018334,3.7609419705303413
9200.0,0.5973639198205072,-0.5647381218800112,2.386636869125971,0.6900608789680915,-0.004532464057573344,2.0248318513800316,0.08258665222803904,-0.3642950845963011,0.5040301007957292,-0.1546857912159615,-1.1413917454382985,0.461448728430733,0.3233411006487704,-0.10905865412533329,1.3261286785390238,0.9935588897233546,0.3745753784131537,3.7517693320607868
9300.0,0.6575957756424965,-0.46121526217945974,2.5187569485069066,0.6370287697408434,-0.030537608303418107,1.9740145909400568,0.09194104928588084,-0.34196657261893343,0.5381343746537544,-0.16438512174721398,-1.2793219063318524,0.4833804524780333,0.29827548843782903,-0.19211395636735823,1.1996116491657227,1.002503949115227,0.39151423588846157,3.852679789027393
9400.0,0.8671671734780152,-0.29845371329889125,2.7680478943550506,0.6572664594844284,-0.016938425247942084,1.9946408213205573,0.09058087956345684,-0.3385212374581746,0.5165726924970102,-0.17746945485116034,-1.2936037169923964,0.39040294455545144,0.22270658138985866,-0.210614882486208,1.2018926511537151,1.0666240221880923,0.4310614911629,4.056251072709795
9500.0,0.9859565034942155,-0.10072080515169099,2.6717906153496966,0.6190174078280445,-0.021915468712748163,1.8537800007310579,0.0777752127293441,-0.3466877766631643,0.5043542532809023,-0.1933458027099914,-1.310228741478166,0.36828996713522943,0.1669389534414355,-0.26842108953571964,1.0135450066399827,1.0969286723758418,0.4430779602949152,4.276755354308146
9600.0,1.01247840269487,-0.07655340301461783,2.7223538154654547,0.5970752362325665,-0.05922716612357848,1.8074714413543524,0.09148636161042989,-0.3625214674128036,0.5049599135855288,-0.25466645717681446,-1.354234410468454,0.35666786267080935,0.12094863710410614,-0.34980662870640905,0.8450381449593289,1.131465537890996,0.4849512311325176,4.248702063888122
9700.0,1.0631549927382786,-0.09286016536216894,2.5420611845660184,0.557193642744537,-0.04987262834849533,1.8352575440118695,0.06707263761280395,-0.38298750535647813,0.5225070177890724,-0.280299709438385,-1.468673391185176,0.30589555081642894,0.07011507042857015,-0.3987684010319723,0.7617799580235154,1.15946110250156,0.4460242138833843,3.977687247359087
9800.0,1.04784983684882,-0.15793954132503696,2.748637242901064,0.5240966162750015,-0.06686696443382824,1.7248944527158057,0.08769232330100965,-0.3607166746092238,0.4987307310425227,-0.308040106340594,-1.554327029701237,0.25497498707298943,0.0324741561579193,-0.4627063576963692,0.575747104499752,1.166812761156371,0.49589950040204134,3.8983759343424627
9900.0,1.01852319773656,-0.23563570668678313,2.6994156207879025,0.5455837395344341,-0.1205910874667258,1.803854254976989,0.0681527710681055,-0.37951323392795455,0.5276824512085387,-0.3396577710036855,-1.6476232028508404,0.1859805718242065,-0.0507240401555112,-0.6691380732433881,0.4563314272999982,1.0934881600411699,0.44946104451832547,3.8734280016139344
10000.0,0.9787712121866238,-0.31861053561318736,2.7718400138369406,0.48182409662026027,-0.1671776513168056,1.70691247270485,0.04670811851306175,-0.42232003688162445,0.5056214838008016,-0.35643274591803464,-1.7932880679524401,0.17991409717504764,-0.1023918371130395,-0.8090129303580964,0.39229763636599707,1.0482663683404847,0.4119329503789607,3.9269737979743673
10100.0,0.9468149286287024,-0.2500997145178428,2.9167977909978493,0.4789230004878775,-0.19866731845267585,1.6837952183029268,0.0480246719209336,-0.40751503795598476,0.48223250238490584,-0.3655068538737035,-1.7590076825387782,0.1586481279642789,-0.16764324661568902,-1.0641211613404395,0.3465404074428823,1.0709187164405316,0.4148696164482247,3.8176372231540685
10200.0,1.0874932471569,-0.07988181458056945,3.1621608842877666,0.4385459870441273,-0.2903649806464285,1.708658861518334,0.0356297888012875,-0.41656806544010283,0.4869345879288482,-0.36717710622779753,-1.8114905558108294,0.1697785990186371,-0.208074888379164,-1.2160493365325293,0.2870386212170012,1.060982862599535,0.3480749047889362,3.6789823584014307
10300.0,1.256571359477755,0.011877201024674908,3.2907916434596594,0.42518026591893754,-0.2631840471616038,1.571373606378887,0.008700562179999548,-0.6038163004047954,0.4149430954819518,-0.3917197406878705,-2.0351243304945448,0.1697583304735088,-0.30459872168902047,-1.4824377880444435,0.19133286262824348,1.008474337857718,0.2624508687975826,3.375186453172586
10400.0,1.241223383324105,0.038580285779161075,3.213360256494221,0.36298204125940847,-0.34942563417480166,1.5857540402987091,-0.03012010291329965,-0.5628896759140032,0.34010058120132847,-0.42320953329968547,-2.188358525960665,0.1613116664393756,-0.3482465182766272,-1.8843130270843036,0.14084490062898075,0.933958079626985,0.2055315377781503,3.0350972932129223
10500.0,1.15426636507006,-0.04608526117662978,3.322892602316676,0.3375409933689155,-0.35933057088554976,1.5206005443163246,-0.05579041623845045,-0.5947586977974282,0.28968950811713534,-0.4751679227669605,-2.3033161263620032,0.11324757326958865,-0.42160439628409135,-2.1921025204056708,0.10263965990976771,0.8979549213082865,0.1916723679991147,2.790040770003952
10600.0,1.1409604100224149,-0.043304088718547844,3.8439237339183747,0.33012983948533503,-0.3140043889327925,1.5133059923541015,-0.0747852810206793,-0.5924614074205204,0.2944939915421385,-0.49909222959795296,-2.3703787691160167,-0.007788216824002392,-0.519358355333952,-2.809691282915209,0.015991272313884693,0.8015875001694267,0.05623350300255628,2.4533090841000518
10700.0,1.0905708352288106,-0.18133739034449345,3.094990637773275,0.27740100574582727,-0.38661095524898265,1.429074380027923,-0.09820186884305776,-0.6926016803879645,0.3038915671443808,-0.559523330422911,-2.367380381175887,0.05013918341729493,-0.6234124702195789,-3.08473122864411,-0.0027804461280081013,0.67744990557807,-0.21872298493369638,2.2893992099299973
10800.0,1.1509692672635026,-0.05260888334769188,3.384681775753748,0.29396850966644844,-0.3973840597503714,1.4365526027809554,-0.14991092258610683,-0.704258674483073,0.249706518085201,-0.5680742775624242,-2.707928663677783,-0.009512110551587816,-0.6891182582948585,-3.582104062548461,-0.02529702846351212,0.5086260626641202,-0.44929066484544017,1.673255310963538
10900.0,1.177248111853675,-0.03811314502434571,3.3418080422383665,0.254605338580846,-0.4802296528260397,1.402301801367427,-0.18624821464955393,-0.785699051277036,0.1821562819201404,-0.635843724889671,-2.6284626514621365,-0.025950119290950067,-0.7801474431633082,-3.9841406258770755,-0.14935675953158142,0.191784740828126,-1.218423467490269,1.1884245203504216
11000.0,1.21416605329994,-0.11522249955657493,3.2822118965579574,0.2632950169668355,-0.4299441229300467,1.357596720604614,-0.2027085028866285,-0.8404207310513735,0.19079223928707434,-0.6897020890761703,-2.946757604709415,-0.10096153904197584,-0.8850342584878845,-4.324773862754564,-0.2113726308811399,0.11753645857813699,-1.7835389379029802,0.8802347193841847
11100.0,1.23819869338407,-0.1558488347495388,3.4707296799231693,0.246241671410351,-0.42489880296528787,1.341733913760853,-0.2514967139534099,-0.9053407317691833,0.12638663735132213,-0.715189707983056,-3.205896062160238,-0.16497939120405092,-1.0026701930747335,-4.714516456494939,-0.18454255997696345,-0.0246999337520712,-2.294280987437075,0.812112556672656
11200.0,1.148997968242635,-0.15325895008695994,3.2525881143434425,0.1523692388393018,-0.501106088543044,1.2669989342209054,-0.298577952297048,-1.0365164400927493,0.07939657496355448,-0.7893967774689955,-3.4582799958264867,-0.20495294699477756,-1.124290004713981,-5.269126522607777,-0.32784982588281447,-0.17171161009820718,-3.016313241299715,0.6308828524366975
11300.0,0.9034194091023098,-0.2883766276386929,2.6499272759443104,0.1430147794450765,-0.5203017162221933,1.192306718601572,-0.347983906205949,-1.0649630109148616,0.06668735134474009,-0.8648016057353403,-3.776349043465466,-0.2800481817851232,-1.0920374582256551,-5.437608218019916,-0.3908299929334429,-0.386957329587463,-3.838020686061279,0.5701762274758534
11400.0,0.787421098842684,-0.39038884689798536,2.6227945975456866,0.1637717685533175,-0.6626828064060769,1.2488368338193754,-0.40016377157078453,-1.1290719741445567,0.03217108499080825,-0.9558367132343581,-4.002076168987865,-0.33778489930395467,-1.2396746156685698,-6.427181923512006,-0.5689698196548643,-0.506070716828432,-4.651733078491039,0.45458308088576843
11500.0,0.5837902115900826,-0.939334659536202,2.3693877021468954,0.116147476920989,-0.6744040414472319,1.1538589509342694,-0.41664394568457397,-1.2818911801476023,0.006621103518875807,-1.023952384149905,-4.332879704757336,-0.4106759152389624,-1.36415979460965,-7.117844427520079,-0.6249262629054216,-0.775532785555089,-5.468172092612072,0.3247880220749188
11600.0,0.1936015146944185,-1.8186320516830197,1.9372842108116368,0.0963099604736596,-0.6937849891142431,1.0344739350566237,-0.4928190960102403,-1.305934017629829,-0.007785309740807686,-1.112428435157017,-4.90347425873067,-0.44712719414146584,-1.5816059597057324,-8.006290943420044,-0.8559305791826829,-1.05281962831887,-5.7507467873706295,0.14018379628970182
11700.0,0.17169059837367,-2.0277912870064227,1.9148631372140958,0.09279114724941759,-0.7349181441130528,1.0229260272381449,-0.542943553320178,-1.351354968975746,-0.05235637549488154,-1.165426064057129,-5.187078883054665,-0.43644892301839616,-1.7617640585575751,-8.993241203345148,-1.043332253789453,-1.49854128693793,-7.621784335356582,-0.23928555867169693
11800.0,0.1643980023481155,-1.5566115320717884,2.0127191349868965,0.08259756011652475,-0.7499062591595349,1.0403205719730535,-0.592872425471466,-1.4134254219098543,-0.04863549592829046,-1.2548389996847873,-5.398865513575192,-0.4939832116600761,-1.98149042430649,-9.801437422775319,-1.1348664536322812,-1.6382368592083214,-8.651372988617307,-0.49688835122872743
11900.0,0.19968292030621448,-2.0206768333867675,2.1748410073148894,0.07636306255280115,-0.8736190619572424,1.0636772248062778,-0.6817243616598395,-1.5066385710454104,-0.07964508137199863,-1.30619796196279,-5.331559023373057,-0.5703328843936423,-2.2194346932047586,-10.894852176752705,-1.2898153332611078,-1.773252992932643,-9.102062668278595,-0.6097732581254135
12000.0,0.0339939325870722,-2.797826943128531,1.7536507740326202,0.07494081166205016,-0.9566109635323494,1.0902446324144432,-0.735578833620521,-1.559367348576757,-0.10250096665585946,-1.328048073268414,-5.178019969444413,-0.5417949640014318,-2.356549283940455,-11.93422111898458,-1.4594115033252346,-2.175181166278005,-10.31582334425548,-0.5852747419282254
